ts,tier,company,title,location,season,sponsorship,source,url
2026-07-17T14:10:38Z,B,Composio,Full-stack Intern,"San Francisco, CA",,,speedyapply,https://jobs.ashbyhq.com/composio/4d819015-0b9a-466f-9b41-8e1cc1e5b6d9
2026-07-17T14:10:38Z,C,Formlabs,Algorithms Software Intern - Fall 2026,"Somerville, MA",,,speedyapply,https://careers.formlabs.com/job/8060759/apply/?gh_jid=8060759
2026-07-17T14:10:38Z,C,Chevron,2026-2027 Information Technology - Software Engineer - Intern,"Houston, TX",,,speedyapply,https://chevron.wd5.myworkdayjobs.com/en-US/university/job/Houston-Texas-United-States-of-America/XMLNAME-2026-2027-Information-Technology---Software-Engineer---Intern_R000072398-1
2026-07-17T14:10:38Z,B,Genesys,Software Developer - Test Intern - 12mos,"Toronto, Canada",,,speedyapply_intl,https://genesys.wd1.myworkdayjobs.com/en-US/genesys/job/Toronto-Flexible/Software-Developer--Test-Intern--12mos-_JR109267-1
2026-07-17T14:10:38Z,C,Lilly,Intern - Full Stack Engineer,"Bengaluru, India",,,speedyapply_intl,https://lilly.wd115.myworkdayjobs.com/en-US/lly/job/India-Bangalore/Intern---Full-Stack-Engineer_R-108598-1
2026-07-17T14:10:38Z,B,Orion Innovation,Software Engineer Intern - Bioinformatics & Genomics,"Remote - Belgrade, Serbia",,,speedyapply_intl,https://www.orioninc.com/careers/job/?gh_jid=4697184006
2026-07-17T14:10:38Z,B,GeoComply,Full Stack Developer Intern - Fall 2026,"Vancouver, Canada",,,speedyapply_intl,https://jobs.lever.co/geocomply-2/a3131ad8-06ec-4c6e-b27c-81aa4c02cc40
2026-07-17T14:10:38Z,C,Grab,Intern - Software Engineer Mobile - iOS,"Petaling Jaya, Malaysia",,,speedyapply_intl,https://jobs.smartrecruiters.com/Grab/744000131508859-intern-software-engineer-mobile-ios-?oga=true
2026-07-17T14:10:38Z,C,Motorola Solutions,Software Engineer Intern,"George Town, Malaysia",,,speedyapply_intl,https://motorolasolutions.wd5.myworkdayjobs.com/en-US/careers/job/Penang-Malaysia/Software-Engineer-Intern_R64760-1
2026-07-17T17:47:00Z,B,Deepgram,Software Engineering- Internship,USA | Remote,Summer 2027,unknown,zshah101,https://jobs.ashbyhq.com/deepgram/dc8693b5-72ce-4ca3-ab15-9c8434d35da1
2026-07-17T17:47:00Z,B,Stevens Institute of Technology,Summer 2026 Intern:  Cyber Security and Reliable AI for UAS and Contested Environments,"Hoboken, NJ - Main Campus",Summer 2027,unknown,zshah101,https://stevens.wd5.myworkdayjobs.com/External/job/Hoboken-NJ---Main-Campus/Summer-2026-Intern---Cyber-Security-and-Reliable-AI-for-UAS-and-Contested-Environments_RQ30408-1
2026-07-17T19:58:23Z,C,Intel,AI Software Engineering Intern,"US, Arizona, Phoenix",Summer 2027,unknown,zshah101,https://intel.wd1.myworkdayjobs.com/external/job/US-Arizona-Phoenix/AI-Software-Engineering-Intern_JR0282641
2026-07-17T19:58:23Z,C,Magna International,AI Engineering Co-Op Student (4 months),"Milton, Ontario, CA",Summer 2027,unknown,zshah101,https://magna.wd3.myworkdayjobs.com/Magna/job/Milton-Ontario-CA/AI-Engineering-Co-Op-Student--4-months-_R00252238
2026-07-17T23:32:37Z,B,Altera Corporation,AI Software Development Engineer - Intern,"San Jose, California, United States",Summer 2027,unknown,zshah101,https://altera.wd1.myworkdayjobs.com/altera/job/San-Jose-California-United-States/AI-Software-Development-Engineer---Intern_R02707
2026-07-18T09:45:34Z,C,Copart,Software Engineering Intern,"Dallas, TX - Headquarters",Summer 2027,unknown,zshah101,https://copart.wd12.myworkdayjobs.com/copart/job/Dallas-TX---Headquarters/Software-Engineering-Intern_JR109672
2026-07-18T14:15:46Z,C,Formlabs,Supply Chain Operations Software Intern - Fall 2026,"Somerville, MA",,,speedyapply,https://careers.formlabs.com/job/8069676/apply/?gh_jid=8069676
2026-07-18T14:15:46Z,C,Virtu Financial,Internship - Software Engineer,Singapore,,,speedyapply_intl,https://job-boards.greenhouse.io/virturecruitinghidden/jobs/8089215002
2026-07-18T14:15:46Z,C,Virtu Financial,Internship - Software Engineer,Singapore,,,speedyapply_intl,https://job-boards.greenhouse.io/virturecruitinghidden/jobs/8636357002
2026-07-18T14:15:46Z,C,Activate Interactive Pte,Software Engineering Intern - IN26005,"Singapore, Singapore",,,speedyapply_intl,https://apply.workable.com/activate-interactive-pte-ltd/j/1AD6CF565A/
2026-07-18T14:15:46Z,C,Lucidya,Entry-Level Software Engineer - Internship - Fresh Graduate,"Riyadh, Saudi Arabia +1",,,speedyapply_intl,https://apply.workable.com/lucidya/j/972E263571/
2026-07-20T12:08:54Z,C,Kulicke & Soffa,"Intern, Software Engineering","Fort Washington, PA, United States",Summer 2027,unknown,zshah101,https://etyy.fa.ap2.oraclecloud.com/hcmUI/CandidateExperience/en/sites/CX_1/job/11497
2026-07-20T14:31:39Z,C,Medtronic,Intern AI Vision for Equipment Development,"Lausanne, Vaud, Switzerland",Fall 2026,unknown,zshah101,https://medtronic.wd1.myworkdayjobs.com/redeploymentmedtroniccareers/job/Lausanne-Vaud-Switzerland/Intern-AI-Vision-for-Equipment-Development_R72173
2026-07-20T14:31:39Z,C,Altom Transport,Fall Software Development Intern,"Hammond, IN",,,speedyapply,https://apply.workable.com/altom-transport/j/8536165C7B/
2026-07-20T14:31:39Z,C,Altom Transport,Fall Software Development Intern,"Hammond, IN",,,speedyapply,https://apply.workable.com/altom-transport/j/1E3C4A9408/
2026-07-20T14:31:39Z,C,Orion Health,Software Test Engineer Intern,"Christchurch, New Zealand",,,speedyapply_intl,https://apply.workable.com/orion-health/j/7FC3705FA6/
2026-07-20T14:31:39Z,C,Orion Health,Software Engineering Summer Internships 2026/27,"Auckland, New Zealand +1",,,speedyapply_intl,https://apply.workable.com/orion-health/j/9046F1E366/
2026-07-20T14:31:39Z,C,ASML,GenAI Software Developer Internship,"Shenzhen, China",,,speedyapply_intl,https://asml.wd3.myworkdayjobs.com/en-US/asmlext1/job/Shenzhen-China/GenAI-Software-Developer-Internship_J-00347662
2026-07-20T14:31:39Z,C,Autodesk,Software Engineering Intern Summer 2027,"Oslo, Norway",,,speedyapply_intl,https://autodesk.wd1.myworkdayjobs.com/en-US/ext/job/Norway---Oslo/Software-Engineering-Intern-Summer-2027_26WD100046
2026-07-20T14:31:39Z,C,HP,Cloud Engineering Intern,"Tlaquepaque, Mexico",,,speedyapply_intl,https://hp.wd5.myworkdayjobs.com/en-US/externalcareersite/job/Tlaquepaque-Jalisco-Mexico/Cloud-Engineering-Intern_3166173-1
2026-07-20T14:31:39Z,C,WATI.io,Software Development Intern,"Shenzhen, China",,,speedyapply_intl,https://apply.workable.com/wati-dot-i-o/j/6615AD59C0/
2026-07-20T14:31:39Z,C,WATI.io,Software Development Engineer Intern,"Shenzhen, China +1",,,speedyapply_intl,https://apply.workable.com/wati-dot-i-o/j/0204FB844E/
2026-07-20T14:31:39Z,C,"Mercari, inc.",Build Internship Plus - Software Engineer - Internship - Mercari,"Minato City, Japan",,,speedyapply_intl,https://apply.workable.com/mercari/j/17306932F5/
2026-07-20T14:31:39Z,C,Rapsodo,R&D Intern - Software Engineering,"Singapore, Singapore",,,speedyapply_intl,https://apply.workable.com/rapsodo/j/49985E097A/
2026-07-20T14:31:39Z,C,WATI.io,Software Engineer Intern,"Shenzhen, China +1",,,speedyapply_intl,https://apply.workable.com/wati-dot-i-o/j/F08DC5D5A4/
2026-07-20T14:31:39Z,C,WATI.io,Software Engineer Intern,"Shenzhen, China",,,speedyapply_intl,https://apply.workable.com/wati-dot-i-o/j/370711315A/
2026-07-20T18:18:51Z,C,Chicago Trading Company,Software Engineering Internship - Summer 2027,"Chicago, Illinois, United States",Summer 2027,unknown,zshah101,https://job-boards.greenhouse.io/ctccampusboard/jobs/4708230005
2026-07-20T18:18:51Z,C,Acds,AI Operations Intern-Caddell Reynolds,"Fort Smith, AR",Summer 2027,unknown,zshah101,https://jobs.lever.co/acds/01fdf41b-a835-4e00-8d01-0275677a8f08
2026-07-20T21:21:37Z,C,Nokia,AI R&D Engineer Co-op,United States,Summer 2027,unknown,zshah101,https://fa-evmr-saasfaprod1.fa.ocs.oraclecloud.com/hcmUI/CandidateExperience/en/sites/CX_1/job/38783
2026-07-20T21:21:37Z,B,Western Digital,Summer 2027 - Software Engineering Internship,"San Jose, CA, United States",Summer 2027,unknown,zshah101,https://jobs.smartrecruiters.com/WesternDigital/744000138727213
2026-07-20T21:21:37Z,B,Altera Corporation,AI Software Development Engineer - Intern,"San Jose, California, United States",Summer 2027,unknown,zshah101,https://altera.wd1.myworkdayjobs.com/altera/job/San-Jose-California-United-States/AI-Software-Development-Engineer---Intern_R02707
2026-07-20T21:21:37Z,C,AVEVA,Software Developer Intern- Drexel Co-op US,"Philadelphia, Pennsylvania, United States of America",Summer 2027,unknown,zshah101,https://aveva.wd3.myworkdayjobs.com/AVEVA_careers/job/Philadelphia-Pennsylvania-United-States-of-America/Software-Developer-Intern--Drexel-Co-op-US_R014478
2026-07-21T04:28:56Z,C,Axon,2027 US Software Engineering Internship,"Seattle, Washington, United States",Summer 2027,unknown,zshah101,https://job-boards.greenhouse.io/axontalentcommunity/jobs/7800617003
2026-07-21T04:28:56Z,C,Axon,2027 US Firmware Engineering Internship,"Seattle, Washington, United States",Summer 2027,unknown,zshah101,https://job-boards.greenhouse.io/axontalentcommunity/jobs/7800628003
2026-07-21T14:55:30Z,C,Susquehanna,"Quantitative Systematic Trading Intern (PhD, Summer 2027)","New York, NY",,,sndsh404,https://careers.sig.com/jobs/10822
2026-07-21T14:55:30Z,B,Susquehanna,"Quantitative Systematic Trading Intern (Master's, Summer 2027)","New York, NY",,,sndsh404,https://careers.sig.com/jobs/10823
2026-07-21T14:55:30Z,A,Google,"Software Engineering Intern, BS (Summer 2027)","Mountain View, CA (multiple US)",,,sndsh404,https://www.google.com/about/careers/applications/jobs/results/85564713261245126-software-engineering-intern/
2026-07-21T14:55:30Z,B,Uber,"Software Engineering Intern (Summer 2027, Uber Career Prep)","San Francisco, CA / Seattle, WA / Sunnyvale, CA",,,sndsh404,https://jobs.uber.com/en/jobs/300697/
2026-07-21T14:55:30Z,B,Western Digital,Software Engineering Intern (Summer 2027),"San Jose, CA",,,sndsh404,https://jobs.smartrecruiters.com/WesternDigital/744000138727213-summer-2027-software-engineering-internship
2026-07-21T14:55:30Z,C,Chicago Trading Company,Quant Trading Intern (Summer 2027),"Chicago, IL",,,sndsh404,https://job-boards.greenhouse.io/ctccampusboard/jobs/4708188005
2026-07-21T14:55:30Z,B,Kearney & Company,IT Audit Intern (Summer 2027) 🇺🇸,"Alexandria, VA (remote)",,,sndsh404,https://careers.kearneyco.com/jobs/5168
2026-07-21T14:55:30Z,C,Second Order Effects,Electrical Engineering Intern (Summer 2027),"El Segundo, CA / Redmond, WA",,,sndsh404,https://jobs.gem.com/soeffects/am9icG9zdDqLIuZagE8SU-HqhGf7TGYo
2026-07-21T14:55:30Z,B,Tower Research Capital,Quantitative Trader Intern,"New York, NY / Chicago, IL",,,sndsh404,https://job-boards.greenhouse.io/towerresearchcapital/jobs/8024128
2026-07-21T14:55:30Z,B,Tower Research Capital,Quantitative Developer Intern,"New York, NY / Chicago, IL",,,sndsh404,https://job-boards.greenhouse.io/towerresearchcapital/jobs/8044334
2026-07-21T14:55:30Z,B,Cubist Systematic Strategies,Quantitative Developer Intern,"New York, NY",,,sndsh404,https://job-boards.greenhouse.io/point72/jobs/7297613002
2026-07-21T14:55:30Z,A,Google,Software Engineering Intern - MS - Summer 2027,"Mountain View, CA +29",,,speedyapply,https://www.google.com/about/careers/applications/jobs/results/95141459539174086
2026-07-21T14:55:30Z,A,Google,Software Engineering Intern - BS - Summer 2027,"Mountain View, CA +29",,,speedyapply,https://www.google.com/about/careers/applications/jobs/results/85564713261245126
2026-07-21T14:55:30Z,B,Google,Software Developer Intern - BS - Summer 2027,"Waterloo, Canada +2",,,speedyapply_intl,https://www.google.com/about/careers/applications/jobs/results/76982475250639558
2026-07-21T14:55:30Z,B,Google,Software Developer Intern - MS - Summer 2027,"Waterloo, Canada +2",,,speedyapply_intl,https://www.google.com/about/careers/applications/jobs/results/95423484271698630
2026-07-21T14:55:30Z,B,Microsoft,Software Engineer: Internship Opportunities - Ignite Program for People with Disabilities,"Cairo, Egypt",,,speedyapply_intl,https://apply.careers.microsoft.com/careers/job/1970393556866895
2026-07-21T14:55:30Z,C,GeoComply,Software Engineer Intern - Fullstack,"Ho Chi Minh City, Vietnam",,,speedyapply_intl,https://jobs.lever.co/geocomply-2/4bc3f323-73e1-4338-943c-33653b305e26
2026-07-21T14:55:30Z,C,GeoComply,Software Engineer Intern - iOS,"Ho Chi Minh City, Vietnam",,,speedyapply_intl,https://jobs.lever.co/geocomply-2/cf5da87d-9758-466f-98b2-21973dad37d7
2026-07-21T14:55:30Z,C,OPSWAT,Software Engineer Intern,"Ho Chi Minh City, Vietnam",,,speedyapply_intl,https://www.opswat.com/jobs/4623189005?gh_jid=4623189005
2026-07-21T16:16:47Z,B,Virtu Financial,Internship - Software Engineer,"Austin, TX; New York",Summer 2027,unknown,zshah101,https://job-boards.greenhouse.io/virtu/jobs/8624410002
2026-07-22T01:05:08Z,C,Centific,Tech Intern - Responsible AI,"Redmond, Washington",Summer 2027,unknown,zshah101,https://centific.wd1.myworkdayjobs.com/Centific_Global/job/Redmond-Washington/Tech-Intern---Responsible-AI_JR107893-1
2026-07-22T11:41:46Z,B,Quadrillion,Software Engineering Intern,New York City,Summer 2027,unknown,zshah101,https://jobs.ashbyhq.com/quadrillion-labs/601e105d-2f0f-4482-9bae-3a825a1b97fd
2026-07-22T11:41:46Z,C,Veeda AI,Internship - Veeda AI Scientist,California,Summer 2027,unknown,zshah101,https://jobs.ashbyhq.com/veeda-labs/58cc42fb-1d6f-4e5f-860d-3b97bdccc6f4
2026-07-22T11:41:46Z,B,HireVue,Data Science Intern | Fully Remote US,"Sandy, UT, United States (Remote)",Summer 2027,unknown,zshah101,https://jobs.smartrecruiters.com/HireVue/744000138728139
2026-07-22T15:15:41Z,C,Acds,AI Software Engineer Intern- Bastazo,"Bentonville, AR",Summer 2027,unknown,zshah101,https://jobs.lever.co/acds/65b739c3-02ad-4814-ad24-24abecbc83f4
2026-07-22T15:15:41Z,B,SS&C,Healthcare AI & Automation Intern,"Remote - Florida, US",Summer 2027,unknown,zshah101,https://ssctech.wd1.myworkdayjobs.com/ssctechnologies/job/Remote---Florida-US/Healthcare-AI---Automation-Intern_R45126
2026-07-22T15:15:41Z,C,NVIDIA,PhD Research Intern - System Software and I/O Architecture - Fall 2026,"Remote - Santa Clara, CA +2",,,speedyapply,https://nvidia.wd5.myworkdayjobs.com/en-US/nvidiaexternalcareersite/job/US-CA-Santa-Clara/PhD-Research-Intern--System-Software-and-I-O-Architecture---Fall-2026_JR2019667
2026-07-22T15:15:41Z,B,Rivian,Android Developer Intern - Fall 2026,"Palo Alto, CA",,,speedyapply,https://jobs.ashbyhq.com/rivianvw.tech/5633bb03-cc16-47fc-af02-db9dc355eddd
2026-07-22T15:15:41Z,A,TikTok,AI software Engineer Project Intern - Transaction Platform - 2026 Start - BS/MS,"San Jose, CA",,,speedyapply,https://lifeattiktok.com/search/7646621925436131637
2026-07-22T15:15:41Z,C,Apple,Software PhD Internships,USA,,,speedyapply,https://jobs.apple.com/en-us/details/200664323-3810
2026-07-22T15:15:41Z,C,NVIDIA,PhD Software Engineering Intern - Decision Intelligence - Fall 2026,"Santa Clara, CA",,,speedyapply,https://nvidia.wd5.myworkdayjobs.com/en-US/nvidiaexternalcareersite/job/US-CA-Santa-Clara/PhD-Software-Engineering-Intern--Decision-Intelligence---Fall-2026_JR2017522
2026-07-22T15:15:41Z,C,Meta,Research Scientist Intern - Embedded Contextual AI on Wearables - PhD,"Sunnyvale, CA +1",,,speedyapply,https://www.metacareers.com/jobs/2160167211413098
2026-07-22T15:15:41Z,A,TikTok,Software Engineer Project Intern - Content AI Infrastructure - 2026 Start - BS/MS,"San Jose, CA",,,speedyapply,https://lifeattiktok.com/search/7621299118434961669
2026-07-22T15:15:41Z,B,D. E. Shaw & Co.,Quantitative Analyst and Software Developer Intern - Summer 2027,"New York City, NY",,,speedyapply,https://www.deshaw.com/careers/5906
2026-07-22T15:15:41Z,C,D. E. Shaw & Co.,Software Developer - Ph.D. Intern - New York - Summer 2027,"New York City, NY",,,speedyapply,https://www.deshaw.com/careers/5893
2026-07-22T15:15:41Z,B,Bild AI,AI/SWE Intern,"San Francisco, CA",,,speedyapply,https://jobs.ashbyhq.com/bild-ai/b333f0f7-0ca6-4509-8697-9303396b5364
2026-07-22T15:15:41Z,B,Gritt Robotics,ML & Cloud Infrastructure Engineer Intern,"South San Francisco, CA",,,speedyapply,https://jobs.ashbyhq.com/gritt/46af6e69-40fc-4e53-940e-a99757137523
2026-07-22T15:15:41Z,C,Formlabs,AI Software Intern - Fall 2026,"Somerville, MA",,,speedyapply,https://careers.formlabs.com/job/8067641/apply/?gh_jid=8067641
2026-07-22T15:15:41Z,C,Intel,AI Software Engineering Intern,"Hillsboro, OR +1",,,speedyapply,https://intel.wd1.myworkdayjobs.com/en-US/external/job/US-Oregon-Hillsboro/AI-Software-Engineering-Intern_JR0282639
2026-07-22T15:15:41Z,C,Intel,AI Software Engineering Intern,"Phoenix, AZ",,,speedyapply,https://intel.wd1.myworkdayjobs.com/en-US/external/job/US-Arizona-Phoenix/AI-Software-Engineering-Intern_JR0282641
2026-07-22T15:15:41Z,C,ING,Graduate Internship - NFR AI Agent Developer,"Waco, TX +1",,,speedyapply,https://ing.wd3.myworkdayjobs.com/en-US/icsgblcor/job/ACT-Amsterdam---Acanthus/Graduate-Internship---NFR-AI-Agent-Developer-1_REQ-10117758
2026-07-22T15:15:41Z,C,Manhattan Associates,A.I. Developer Co-Op - Boston - MA,USA,,,speedyapply,https://manh.wd5.myworkdayjobs.com/en-US/campus/job/US---Home-Office/AI-Developer-Co-Op--Boston--MA-_16931
2026-07-22T15:15:41Z,C,Copart,DevOps Engineering Intern,"Dallas, TX",,,speedyapply,https://copart.wd12.myworkdayjobs.com/en-US/copart/job/Dallas-TX---Headquarters/DevOps-Engineering-Intern_JR109490
2026-07-22T15:15:41Z,B,Blackstar Computers,Embedded Systems Engineering Intern - Summer 2026,"San Francisco, CA",,,speedyapply,https://jobs.ashbyhq.com/blackstar/2599ef82-3105-4a12-a1d6-63b9f6ed567a
2026-07-22T15:15:41Z,B,Eulerity,Website Developer & Content Marketing Intern - AI & Automation,"New York City, NY",,,speedyapply,https://job-boards.greenhouse.io/eulerity/jobs/4694300006
2026-07-22T15:15:41Z,B,Halo Industries,Software Engineer Intern - Machine Learning Workflow,"Santa Clara, CA",,,speedyapply,https://apply.workable.com/halo-industries/j/29728B1DAF/
2026-07-22T15:15:41Z,C,Cirrus Logic,Fall 2026 Co-Op - Embedded Software AI Intern,"Austin, TX",,,speedyapply,https://jobs.eu.lever.co/cirrus/3d6df577-91f6-4b58-9e7f-c982e49ff515
2026-07-22T15:15:41Z,C,Agilent,Intern - R&D Software Engineering - AI & Test Automation,"Wilmington, DE",,,speedyapply,https://agilent.wd5.myworkdayjobs.com/en-US/agilent_student_careers/job/US-DE-Wilmington/Intern---R-D-Software-Engineering--AI---Test-Automation-_4038437
2026-07-22T15:15:41Z,B,Bosch,Hardware & Embedded Research Intern - Fall 2026,"Sunnyvale, CA",,,speedyapply,https://jobs.smartrecruiters.com/BoschGroup/744000131150005-hardware-embedded-research-intern-fall-2026-?oga=true
2026-07-22T15:15:41Z,B,GE Aerospace,Embedded Systems Engineer Co-op - Bohemia - NY - Spring 2027,"Bohemia, NY",,,speedyapply,https://geaerospace.wd5.myworkdayjobs.com/en-US/ge_externalsite/job/Bohemia/Embedded-Systems-Engineer-Co-op--Bohemia--NY----Spring-2027_R5035583-1
2026-07-22T15:15:41Z,C,Base Power Company,Quantitative Developer Intern,"Austin, TX",,,speedyapply,https://jobs.ashbyhq.com/base-power/b6b2332e-1226-4575-b2c9-9e5258f2540e
2026-07-22T15:15:41Z,C,Stevens Capital Management,Developer Internship,"Radnor, PA",,,speedyapply,https://job-boards.greenhouse.io/scm/jobs/721888
2026-07-22T15:15:41Z,C,Reply,iOS Developer Intern,"Detroit, MI",,,speedyapply,https://jobs.lever.co/reply/191d1794-e52a-4573-a2d0-2952b76f9cd5
2026-07-22T15:15:41Z,C,Reply,Android Developer Intern,"Detroit, MI",,,speedyapply,https://jobs.lever.co/reply/0fb458db-7cb9-4bfd-b9b6-c1c681316061
2026-07-22T15:15:41Z,B,Terranova,Embedded Systems Intern,"Berkeley, CA",,,speedyapply,https://jobs.ashbyhq.com/terranova/8fdce1f7-a1df-4e64-8f10-c78771a399da
2026-07-22T15:15:41Z,B,Blockhouse,Rust Developer Intern - Summer 2026,"New York City, NY",,,speedyapply,https://jobs.ashbyhq.com/blockhouse/42a3066f-683c-4b32-b097-5047e89dd12c
2026-07-22T15:15:41Z,C,Neuralink,Electrical Engineer Intern - Implant Embedded Systems,"Austin, TX +1",,,speedyapply,https://boards.greenhouse.io/neuralink/jobs/7702527003?gh_jid=7702527003
2026-07-22T15:15:41Z,B,Eulerity,Android Developer Intern,"New York City, NY",,,speedyapply,https://job-boards.greenhouse.io/eulerity/jobs/4671031006
2026-07-22T15:15:41Z,B,Eulerity,Mobile iOS Developer Intern,"New York City, NY",,,speedyapply,https://job-boards.greenhouse.io/eulerity/jobs/4671025006
2026-07-22T15:15:41Z,B,Human Computer Lab,Intern - Software/ML Engineering,"San Francisco, CA +1",,,speedyapply,https://jobs.ashbyhq.com/human-computer-lab/7d13ae27-1f02-4d9b-8d39-e3d9d67df705
2026-07-22T15:15:41Z,C,Odys Aviation,Robotics & Embedded Systems Intern,"Long Beach, CA",,,speedyapply,https://jobs.ashbyhq.com/odys-aviation/d15b1f56-d160-403e-8d12-90f531eb490f
2026-07-22T15:15:41Z,B,TikTok,Site Reliability Engineer Intern - Technical Infrastructure - 2027 Start - BS/MS,"Sydney, Australia",,,speedyapply_intl,https://lifeattiktok.com/search/7658162714448054581
2026-07-22T15:15:41Z,B,TikTok,Site Reliability Engineer Intern - Video & Edge Global Engineering - 2026 Start - BS/MS,"Sydney, Australia",,,speedyapply_intl,https://lifeattiktok.com/search/7658171807993170181
2026-07-22T15:15:41Z,B,TikTok,Site Reliability Engineer Intern - Video & Edge Global Engineering - 2027 Start - BS/MS,"Sydney, Australia",,,speedyapply_intl,https://lifeattiktok.com/search/7626192517295556869
2026-07-22T15:15:41Z,C,Citadel,Site Reliability Engineer - Intern - Asia,Singapore,,,speedyapply_intl,https://www.citadel.com/careers/details/site-reliability-engineer-intern-asia/
2026-07-22T15:15:41Z,C,Harman,Intern - Android Application Develop,,,,speedyapply_intl,https://harman.wd3.myworkdayjobs.com/en-US/harman/job/CN_Shanghai_12F--15F-No-9233-Humin-Road/Intern--Android-Application-Develop_R-54648-2026
2026-07-22T15:15:41Z,C,Marina Bay Sands,Intern - Developer - Middleware,Singapore,,,speedyapply_intl,https://marinabaysands.wd102.myworkdayjobs.com/en-US/external/job/Perennial-Business-City-Singapore/Intern--Developer--Middleware-_JR10007967
2026-07-22T15:15:41Z,C,Marina Bay Sands,Intern - Developer A.I,Singapore,,,speedyapply_intl,https://marinabaysands.wd102.myworkdayjobs.com/en-US/external/job/Perennial-Business-City-Singapore/Intern--Developer-AI_JR10007970
2026-07-22T15:15:41Z,C,Marina Bay Sands,Intern - Developer .NET,Singapore,,,speedyapply_intl,https://marinabaysands.wd102.myworkdayjobs.com/en-US/external/job/Perennial-Business-City-Singapore/Intern--Developer-NET_JR10007965
2026-07-22T15:15:41Z,C,PwC,DevOps Engineer - Intern - Specialist,"Bengaluru, India",,,speedyapply_intl,https://pwc.wd3.myworkdayjobs.com/en-US/crm_experienced_careers_site/job/Bangalore/DevOps-Engineer---Intern--Specialist_741800WD
2026-07-22T15:15:41Z,B,Revvity,Full-Stack AI Developer Intern,"Remote - Cidade Ademar, Brazil",,,speedyapply_intl,https://revvity.wd103.myworkdayjobs.com/en-US/external/job/CAD-Remote--ON/Full-Stack-AI-Developer-Intern_JR-044905
2026-07-22T15:15:41Z,C,TMX,Student Intern - DevOps - Fall Term,"Montréal, Canada",,,speedyapply_intl,https://tmx.wd3.myworkdayjobs.com/en-US/tmx_careers/job/Montreal---1190-av-des-Canadiens-de-Montreal/Student-Intern--DevOps--Fall-Term-_R-6097
2026-07-22T15:15:41Z,C,Bosch,AI Software Engineer - Internship - f/m/div.,"Lisbon, Portugal",,,speedyapply_intl,https://jobs.smartrecruiters.com/BoschGroup/744000137633884-ai-software-engineer-internship-f-m-div-?oga=true
2026-07-22T15:15:41Z,C,Bosch,Internship in Web Developer,Malaysia,,,speedyapply_intl,https://jobs.smartrecruiters.com/BoschGroup/744000137359929-internship-in-web-developer-?oga=true
2026-07-22T15:15:41Z,C,Bosch,EPM DevOps Intern,"Tân Bình, Vietnam",,,speedyapply_intl,https://jobs.smartrecruiters.com/BoschGroup/744000137377966--epm-devops-intern?oga=true
2026-07-22T15:15:41Z,C,DRW,Quantitative Developer Intern - Python,Singapore,,,speedyapply_intl,https://job-boards.greenhouse.io/drweng/jobs/7981754
2026-07-22T15:15:41Z,C,Viridien,AI/ML Ops and Software Engineering Intern,"Singapore, Singapore",,,speedyapply_intl,https://cgg.wd103.myworkdayjobs.com/en-US/viridiencareers/job/Singapore-Singapore/Software-Engineering-Intern-1_JR101323-2
2026-07-22T15:15:41Z,C,Intel,AI Software Engineering Intern,"Gdańsk, Poland",,,speedyapply_intl,https://intel.wd1.myworkdayjobs.com/en-US/external/job/Poland-Gdansk/AI-Software-Engineering-Intern_JR0285471
2026-07-22T15:15:41Z,C,Tecsys,Intern - DevOps - Fall 2026,"Montréal, Canada",,,speedyapply_intl,https://apply.workable.com/tecsys/j/0753D97DA9/
2026-07-22T15:15:41Z,C,Barclays,2027 Technology Developer Summer Internship Programme Singapore,Singapore,,,speedyapply_intl,https://barclays.wd3.myworkdayjobs.com/en-US/external_career_site_barclays/job/Singapore-Marina-Bay-Financial-Tower-2/XMLNAME-2027-Technology-Developer-Summer-Internship-Programme-Singapore_JR-0000121763
2026-07-22T15:15:41Z,C,Signify,AI/ML Software Development Intern - Agentic System,"Shanghai, China",,,speedyapply_intl,https://lighting.wd3.myworkdayjobs.com/en-US/jobs-and-careers/job/Shanghai/AI-ML-Software-Development-Intern---Agentic-System_365440
2026-07-22T15:15:41Z,C,Susquehanna International Group,Quantitative Strategy Developer Internship: Summer 2027,,,,speedyapply_intl,https://careers-sig.icims.com/jobs/11170/quantitative-strategy-developer-internship%3a-summer-2027/job
2026-07-22T15:15:41Z,C,Airbus,Intern - d/f/m in AI driven software development,"Manching, Germany",,,speedyapply_intl,https://ag.wd3.myworkdayjobs.com/en-US/airbus/job/Manching/Intern--d-f-m--in-AI-driven-software-development_JR10423176
2026-07-22T15:15:41Z,C,Epicor,Product Developer Intern,"Monterrey, Mexico",,,speedyapply_intl,https://epicorsoftware.wd5.myworkdayjobs.com/en-US/epicorjobs/job/Mexico-Monterrey/Product-Developer-Intern_JR104871
2026-07-22T15:15:41Z,C,Epicor,QA Developer Intern,"Monterrey, Mexico",,,speedyapply_intl,https://epicorsoftware.wd5.myworkdayjobs.com/en-US/epicorjobs/job/Mexico-Monterrey/QA-Developer-Intern_JR104870-1
2026-07-22T15:15:41Z,C,Epicor,Product Developer Intern,"Monterrey, Mexico",,,speedyapply_intl,https://epicorsoftware.wd5.myworkdayjobs.com/en-US/epicorjobs/job/Mexico-Monterrey/Product-Developer-Intern_JR104869
2026-07-22T15:15:41Z,C,OPSWAT,Agentic AI Software Engineer Intern,"Ho Chi Minh City, Vietnam",,,speedyapply_intl,https://www.opswat.com/jobs/4709694005?gh_jid=4709694005
2026-07-22T15:15:41Z,C,Rabobank,Graduation Internship - AI & Copilot in Software Development,"Utrecht, The Netherlands",,,speedyapply_intl,https://rabobank.wd3.myworkdayjobs.com/en-US/jobs/job/Utrecht-Leidseveer-50/Graduation-Internship---AI---Copilot-in-Software-Development_JR_00142837
2026-07-22T15:15:41Z,C,Intel,Software Development Intern - Automation and AI Enablement,"Guadalajara, Mexico",,,speedyapply_intl,https://intel.wd1.myworkdayjobs.com/en-US/external/job/Mexico-Guadalajara/Software-Development-Intern--Automation-and-AI-Enablement-_JR0285207
2026-07-22T15:15:41Z,C,ING,AI Agent Developer Intern-1,"Amsterdam, The Netherlands",,,speedyapply_intl,https://ing.wd3.myworkdayjobs.com/en-US/icsgblcor/job/CDR-Amsterdam---Cedar/AI-Agent-Developer-Intern-1_REQ-10117342
2026-07-22T15:15:41Z,C,Showpad,iOS Engineering Intern - Mobile Platform,"Bucharest, Romania",,,speedyapply_intl,https://job-boards.greenhouse.io/showpad/jobs/8030232
2026-07-22T15:15:41Z,C,ASML,Computer Science - Software Engineering Internship: Web Platform Ownership & Continuity,"Veldhoven, The Netherlands",,,speedyapply_intl,https://asml.wd3.myworkdayjobs.com/en-US/asmlext1/job/Veldhoven-Netherlands/Computer-Science---Software-Engineering-Internship--Web-Platform-Ownership---Continuity_J-00343348
2026-07-22T15:15:41Z,C,Esri,R&D Internship - Developer Technology,,,,speedyapply_intl,https://www.esri.com/careers/5170529007?gh_jid=5170529007
2026-07-22T15:15:41Z,C,Epicor,QA Developer Intern,"Monterrey, Mexico",,,speedyapply_intl,https://epicorsoftware.wd5.myworkdayjobs.com/en-US/epicorjobs/job/Mexico-Monterrey/QA-Developer-Intern_JR104861
2026-07-22T15:15:41Z,C,Manex AI,AI Software Engineer - Internship - f/m/d,"Munich, Germany",,,speedyapply_intl,https://jobs.ashbyhq.com/manex/ba2e6b81-606f-4176-9919-2ee0157a8475
2026-07-22T15:15:41Z,C,Chegg,Intern - AI-Native Software Engineering,"Delhi, India",,,speedyapply_intl,https://osv-chegg.wd5.myworkdayjobs.com/en-US/chegg/job/Jasola-New-Delhi/Intern---AI-Native-Software-Engineering_R5339
2026-07-22T15:15:41Z,C,ASML,Vocational - MBO Software engineering - computer science internship: Alignment Diagnostic Tool,"Veldhoven, The Netherlands",,,speedyapply_intl,https://asml.wd3.myworkdayjobs.com/en-US/asmlext1/job/Veldhoven-Netherlands/Software-engineering---computer-science-internship--Alignment-Diagnostic-Tool_J-00337268-1
2026-07-22T15:15:41Z,C,akqa,Developer Intern - AI,"Amsterdam, The Netherlands",,,speedyapply_intl,https://www.akqa.com/jobs/8007317/?gh_jid=8007317
2026-07-22T15:15:41Z,C,Trend Micro,Grid DevOps Interns,"Manila, Philippines",,,speedyapply_intl,https://trendmicro.wd3.myworkdayjobs.com/en-US/external/job/Manila/Grid-DevOps-Interns_R0009813
2026-07-22T15:15:41Z,C,Harris Computer,Remote Co-Op Student Developer,"British Columbia, Canada +2",,,speedyapply_intl,https://harriscomputer.wd3.myworkdayjobs.com/en-US/1/job/British-Columbia-Canada/XMLNAME--Remote--Co-Op-Student-Developer_R0044310-2
2026-07-22T15:15:41Z,C,Axway,Software Engineering Intern — AI Developer Tools,,,,speedyapply_intl,https://careers-axway.icims.com/jobs/8751/intern/job
2026-07-22T15:15:41Z,B,Autodesk,Intern - Machine Learning Developer,"Toronto, Canada",,,speedyapply_intl,https://autodesk.wd1.myworkdayjobs.com/en-US/ext/job/Toronto-ON-CAN/Intern--Machine-Learning-Developer_25WD92311-2
2026-07-22T15:15:41Z,C,ING,Graduate Internship - NFR AI Agent Developer,"Amsterdam, The Netherlands",,,speedyapply_intl,https://ing.wd3.myworkdayjobs.com/en-US/icsgblcor/job/CDR-Amsterdam---Cedar/Graduate-Internship---NFR-AI-Agent-Developer_REQ-10116402
2026-07-22T15:15:41Z,C,Tencent,Game Site Reliability Engineer Intern - Malaysia,,,,speedyapply_intl,https://tencent.wd1.myworkdayjobs.com/en-US/tencent_careers/job/Malaysia-Kuala-Lumpur/Game-Site-Reliability-Engineer-Intern--Malaysia-_R107623
2026-07-22T15:15:41Z,B,Rakuten Kobo,Dev Ops Engineer - 12-month Co-op,"Toronto, Canada",,,speedyapply_intl,https://rakuten.wd1.myworkdayjobs.com/en-US/kobo/job/Toronto-Canada/Dev-Ops-Engineer--12-month-Co-op-_1033844
2026-07-22T15:15:41Z,C,Signify,Embedded Systems Intern - MSc Graduation Project,"Eindhoven, The Netherlands",,,speedyapply_intl,https://lighting.wd3.myworkdayjobs.com/en-US/jobs-and-careers/job/Eindhoven/Embedded-Systems-Intern---MSc-Graduation-Project_364562
2026-07-22T15:15:41Z,C,Ciena,QA Automation Developer Intern - Fall 2026 - 8 months,"Ottawa, Canada",,,speedyapply_intl,https://ciena.wd5.myworkdayjobs.com/en-US/careers/job/Ottawa/QA-Automation-Developer-Intern--Fall-2026---8-months-_R030980
2026-07-22T15:15:41Z,C,Marvell,Embedded System Intern for Pre-Silicon Validation,"Córdoba, Argentina",,,speedyapply_intl,https://marvell.wd1.myworkdayjobs.com/en-US/marvellcareers/job/Cordoba-Argentina/Embedded-System-Intern-for-Pre-Silicon-Validation_2502765-1
2026-07-22T15:15:41Z,C,Patsnap,Full Stack Intern - AI & Web Development,Singapore,,,speedyapply_intl,https://jobs.lever.co/patsnap/968e70fb-dd6b-4452-8d4d-ec2a7e482207
2026-07-22T15:15:41Z,C,Weaviate,Developer Advocate Intern,,,,speedyapply_intl,https://jobs.ashbyhq.com/weaviate/0d1c47c4-bc5b-45d8-8791-8f30f0fb2a12
2026-07-22T15:15:41Z,C,Susquehanna International Group,Quantitative Strategy Developer Internship: Summer 2027,,,,speedyapply_intl,https://careers-sig.icims.com/jobs/10838/quantitative-strategy-developer-internship%3a-summer-2027/job
2026-07-22T15:15:41Z,C,HP,Software Security Research Intern,"Bristol, United Kingdom",,,speedyapply_intl,https://hp.wd5.myworkdayjobs.com/en-US/externalcareersite/job/Bristol-Bristol-City-of-United-Kingdom/Software-Security-Research-Intern_UNI3785-1
2026-07-22T15:15:41Z,C,HP,Software Security Research Intern,"Bristol, United Kingdom",,,speedyapply_intl,https://hp.wd5.myworkdayjobs.com/en-US/exteu-ac-careersite/job/Bristol-Bristol-City-of-United-Kingdom/Software-Security-Research-Intern_UNI3785
2026-07-22T16:54:06Z,C,Carnegie Mellon University,Research Intern - School of Computer Science - LTI,"Pittsburgh, PA",Summer 2027,unknown,zshah101,https://cmu.wd5.myworkdayjobs.com/cmu/job/Pittsburgh-PA/Research-Intern---School-of-Computer-Science---LTI_2024870
2026-07-22T19:40:54Z,B,Moog,"Intern, Software Engineering","Buffalo, NY",Summer 2027,unknown,zshah101,https://moog.wd5.myworkdayjobs.com/moog_external_career_site/job/Buffalo-NY/Intern--Software-Engineering_R-26-18885-1
2026-07-22T21:44:41Z,B,Pony Dot Ai,Research Intern - Deep Learning,"Fremont, California, United States",Summer 2027,unknown,zshah101,https://apply.workable.com/pony-dot-ai/j/4C1F53EF5D/
2026-07-22T23:39:46Z,B,Hewlett Packard (HP),"Software Engineering Intern, Device Experiences","San Francisco, California, United States of America",Summer 2027,unknown,zshah101,https://hp.wd5.myworkdayjobs.com/ExternalCareerSite/job/San-Francisco-California-United-States-of-America/Software-Engineering-Intern--Device-Experiences_3164166-1
2026-07-22T23:39:46Z,B,SS&C,Healthcare AI & Automation Intern,"Remote - Florida, US",Summer 2027,unknown,zshah101,https://ssctech.wd1.myworkdayjobs.com/ssctechnologies/job/Remote---Florida-US/Healthcare-AI---Automation-Intern_R45126
2026-07-23T13:12:08Z,C,Sentara Health,Cyber Security Compliance Intern,"Virginia Beach, VA",Summer 2027,unknown,zshah101,https://sentara.wd1.myworkdayjobs.com/SCS/job/Virginia-Beach-VA/Cyber-Security-Compliance-Intern_JR-97927-1
2026-07-23T15:23:47Z,B,HP,Software Engineering Intern - Device Experiences,"San Francisco, CA",,,speedyapply,https://hp.wd5.myworkdayjobs.com/en-US/externalcareersite/job/San-Francisco-California-United-States-of-America/Software-Engineering-Intern--Device-Experiences_3164166-1
2026-07-23T15:23:47Z,B,HP,Software Engineering Intern - Device Experiences,"San Francisco, CA",,,speedyapply,https://hp.wd5.myworkdayjobs.com/en-US/exteu-ac-careersite/job/San-Francisco-California-United-States-of-America/Software-Engineering-Intern--Device-Experiences_3164166
2026-07-23T15:23:47Z,C,Mathtech,Web Application Developer Intern,"Falls Church, VA",,,speedyapply,https://workforcenow.adp.com/mascsr/default/mdf/recruitment/recruitment.html?cid=cf1a92f4-16eb-4267-86ca-bc956024f426&jobId=565843
2026-07-23T15:23:47Z,B,Moog,Intern - Software Engineering,"Buffalo, NY",,,speedyapply,https://moog.wd5.myworkdayjobs.com/en-US/moog_external_career_site/job/Buffalo-NY/Intern--Software-Engineering_R-26-18885-1
2026-07-23T15:23:47Z,C,Copart,Software Engineering Intern,"Dallas, TX",,,speedyapply,https://copart.wd12.myworkdayjobs.com/en-US/copart/job/Dallas-TX---Headquarters/Software-Engineering-Intern_JR110011
2026-07-23T15:23:47Z,C,SEL,Software Engineer Intern,"Boise, ID",,,speedyapply,https://selinc.wd1.myworkdayjobs.com/en-US/sel/job/Idaho---Boise/Software-Engineer-Intern_2026-22321
2026-07-23T15:23:47Z,C,Copart,Software Engineering Intern,"Dallas, TX",,,speedyapply,https://copart.wd12.myworkdayjobs.com/en-US/copart/job/Dallas-TX---Headquarters/Software-Engineering-Intern_JR110079
2026-07-23T15:23:47Z,C,GE HealthCare,Edison Engineering Development Program Intern - Software,"Waukesha, WI",,,speedyapply,https://gehc.wd5.myworkdayjobs.com/en-US/gehc_externalsite/job/Waukesha/Edison-Engineering-Development-Program-Intern---Software_R4043933-2
2026-07-23T15:23:47Z,C,HyperLight,Software Engineer Intern,"Cambridge, MA",,,speedyapply,https://apply.workable.com/hyperlight/j/5581EA0668/
2026-07-23T15:23:47Z,C,NXP Semiconductors,AI / Software Engineering Intern - Fall 2026,"Austin, TX",,,speedyapply,https://nxp.wd3.myworkdayjobs.com/en-US/careers/job/Austin-Oakhill-Office/AI---Software-Engineering-Intern---Fall-2026_R-10064807
2026-07-23T15:23:47Z,C,Salesforce,Summer 2027 Intern - Software Engineer,"Bengaluru, India",,,speedyapply_intl,https://salesforce.wd12.myworkdayjobs.com/en-US/external_career_site/job/India---Bangalore/Summer-2027-Intern---Software-Engineer_JR337715
2026-07-23T15:23:47Z,C,Jane Street,Software Engineer Summer Internship,Singapore,,,speedyapply_intl,https://www.janestreet.com/join-jane-street/position/8632392002
2026-07-23T15:23:47Z,C,Jane Street,Software Engineer Summer Internship,Hong Kong,,,speedyapply_intl,https://www.janestreet.com/join-jane-street/position/8617298002
2026-07-23T15:23:47Z,C,Ataccama,Frontend Engineer Intern - part-time,"Prague, Czechia",,,speedyapply_intl,https://jobs.lever.co/ataccama/60c2149d-da76-4df0-a5b1-68371afb6163
2026-07-23T15:23:47Z,B,Later,Software Development Co-op - Later Influence,"Vancouver, Canada",,,speedyapply_intl,https://job-boards.greenhouse.io/later/jobs/8643138002
2026-07-23T15:23:47Z,C,ASML,Software Testing Development Intern - Internship,"Shenzhen, China",,,speedyapply_intl,https://asml.wd3.myworkdayjobs.com/en-US/asmlext1/job/Shenzhen-China/Software-Testing-Development-Intern--Internship-_J-00347194
2026-07-23T15:23:47Z,C,Bosch,Hanoi - Embedded Intern,"Hanoi, Vietnam",,,speedyapply_intl,https://jobs.smartrecruiters.com/BoschGroup/744000139076169-hanoi-embedded-intern?oga=true
2026-07-23T15:23:47Z,C,Cloud Linux,C Developer Intern - worldwide - remote,"Warsaw, Poland +5",,,speedyapply_intl,https://apply.workable.com/cloudlinux-1/j/40DA3A987A/
2026-07-23T15:23:47Z,C,Devsinc,Software Engineering Intern - Backend & Full-Stack Development,"Lahore, Pakistan",,,speedyapply_intl,https://apply.workable.com/devsinc-17/j/F105CBEDDF/
2026-07-23T15:23:47Z,C,GE Aerospace,Intern - Software Full Stack,"Santiago de Querétaro, Mexico",,,speedyapply_intl,https://geaerospace.wd5.myworkdayjobs.com/en-US/ge_externalsite/job/Queretaro/Intern----Software-Full-Stack_R5037746-1
2026-07-23T15:23:47Z,C,ING,MBO - internship - Azure Devops CICD,"Amsterdam, The Netherlands",,,speedyapply_intl,https://ing.wd3.myworkdayjobs.com/en-US/icsgblcor/job/HBP-Amsterdam---Haarlerbergpark/MBO---internship---Azure-Devops-CICD_REQ-10118267
2026-07-23T15:23:47Z,C,KMS Technology,Full-stack Test Engineer Intern,"Ho Chi Minh City, Vietnam",,,speedyapply_intl,https://jobs.smartrecruiters.com/KMSTechnology1/744000139013669-full-stack-test-engineer-intern?oga=true
2026-07-23T15:23:47Z,C,NXP Semiconductors,Internship: Software Developer NFC/UWB System Verification - m/f/d,"Gratkorn, Austria",,,speedyapply_intl,https://nxp.wd3.myworkdayjobs.com/en-US/careers/job/Gratkorn/Internship--Software-Developer-NFC-UWB-System-Verification--m-f-d-_R-10064609
2026-07-23T15:23:47Z,C,Bosch,Internship in IT Solution Developer,"George Town, Malaysia",,,speedyapply_intl,https://jobs.smartrecruiters.com/BoschGroup/744000138777515-internship-in-it-solution-developer?oga=true
2026-07-23T15:23:47Z,C,Ciena,Routing/IP Software Developer Intern - 4-8 Months,"Ottawa, Canada",,,speedyapply_intl,https://ciena.wd5.myworkdayjobs.com/en-US/careers/job/Ottawa/Routing-IP-Software-Developer-Intern--4-8-Months-_R031326
2026-07-23T15:23:47Z,C,Ciena,Software Engineering Intern - 3-12 Months,"Edinburgh, United Kingdom",,,speedyapply_intl,https://ciena.wd5.myworkdayjobs.com/en-US/careers/job/UK--Edinburgh---19A-Canning-St/Software-Engineering-Intern--3-12-Months-_R031332
2026-07-23T15:23:47Z,C,Damen Shiprepair Harlingen,Internship: Solution Developer,"Gorinchem, The Netherlands",,,speedyapply_intl,https://damen.wd3.myworkdayjobs.com/en-US/damen_careers/job/Gorinchem/Internship--Solution-Developer_JR0018136
2026-07-23T15:23:47Z,C,Hitachi,Internship - R&D Software Development in QA,"Kraków, Poland",,,speedyapply_intl,https://hitachi.wd1.myworkdayjobs.com/en-US/hitachi/job/Krakow-Lesser-Poland-Poland/Internship---QA-Tester---R-D-Lab-Technician_R0112772-1
2026-07-23T15:23:47Z,C,Motorola Solutions,Software Engineer Intern,"George Town, Malaysia",,,speedyapply_intl,https://motorolasolutions.wd5.myworkdayjobs.com/en-US/careers/job/Penang-Malaysia/Software-Engineer-Intern_R66283
2026-07-23T15:23:47Z,C,Thales,Software Engineer Intern - AI,Singapore,,,speedyapply_intl,https://thales.wd3.myworkdayjobs.com/en-US/careers/job/SINGAPORE/Software-Engineer-Intern--AI-_R0335206
2026-07-23T15:23:47Z,C,Thales,Software Engineer Intern - Middleware - IBS,Singapore,,,speedyapply_intl,https://thales.wd3.myworkdayjobs.com/en-US/careers/job/Singapore/Software-Engineer-Intern---Middleware--IBS-_R0334782
2026-07-23T15:23:47Z,C,Valeo,AI Developer Internship,"Martos, Spain",,,speedyapply_intl,https://valeo.wd3.myworkdayjobs.com/en-US/valeo_jobs/job/Martos/AI-Developer-Internship_REQ2026078837
2026-07-23T15:23:47Z,C,Ciena,Software Engineer and Tools Developer Intern - Fall 2026,"Ottawa, Canada",,,speedyapply_intl,https://ciena.wd5.myworkdayjobs.com/en-US/careers/job/Ottawa/Software-Engineer-and-Tools-Developer-Intern--Fall-2026-_R028752
2026-07-23T15:23:47Z,C,Endava,Software Developer Intern - 5G,"Ho Chi Minh City, Vietnam",,,speedyapply_intl,https://jobs.smartrecruiters.com/Endava/744000138579460-software-developer-intern-5g-?oga=true
2026-07-23T15:23:47Z,C,NXP Semiconductors,Internship: Python Tooling & Embedded Systems - C - m/f/d,"Gratkorn, Austria",,,speedyapply_intl,https://nxp.wd3.myworkdayjobs.com/en-US/careers/job/Gratkorn/Internship--Software-Support-in-NFC-Customer-Application-Support-Team--m-f-d-_R-10063612
2026-07-23T15:23:47Z,C,Signify,Vision AI and Robotics Software Engineering Intern,"Eindhoven, The Netherlands",,,speedyapply_intl,https://lighting.wd3.myworkdayjobs.com/en-US/jobs-and-careers/job/Eindhoven/Vision-AI-and-Robotics-Software-Engineering-Intern_365266
2026-07-23T15:23:47Z,C,Virtu Financial,2027 Internship - Software Engineer,"Dublin, Ireland",,,speedyapply_intl,https://job-boards.greenhouse.io/virtu/jobs/8551566002
2026-07-23T15:23:47Z,C,HP,Cloud Engineering Intern,"Tlaquepaque, Mexico",,,speedyapply_intl,https://hp.wd5.myworkdayjobs.com/en-US/exteu-ac-careersite/job/Tlaquepaque-Jalisco-Mexico/Cloud-Engineering-Intern_3166173
2026-07-23T15:23:47Z,C,Solar Turbines,Artificial Intelligence & Software Development INTERN - Tijuana - MX,"Tijuana, Mexico",,,speedyapply_intl,https://cat.wd5.myworkdayjobs.com/en-US/solarturbines/job/Tijuana-Baja-California/Software-Development---AI-Intern_R0000374076
2026-07-23T15:23:47Z,C,Hitachi,Internship in Large-Scale Software Systems 80 - 100% - f/m/d,"Baden-Daettwil, Switzerland",,,speedyapply_intl,https://hitachi.wd1.myworkdayjobs.com/en-US/hitachi/job/Baden-Daettwil-Aargau-Switzerland/Internship-in-Variability-Visualization-Framework-for-Large-Scale-Graphical-Languages-80---100---f-m-d-_R0127487
2026-07-23T19:43:06Z,C,Appian,Software Engineering Intern,"McLean, Virginia",Summer 2027,no-sponsorship,zshah101,https://job-boards.greenhouse.io/appian/jobs/8041237
2026-07-23T19:43:06Z,B,Tenstorrent,"Software Engineering Intern, Power Modeling & AI Tools","Santa Clara, California, United States",Summer 2027,unknown,zshah101,https://job-boards.greenhouse.io/tenstorrentuniversity/jobs/5186916007
2026-07-23T22:37:30Z,B,Astranis,Software Engineer Intern - Enterprise Systems (Fall 2026),"San Francisco, CA",Fall 2026,citizens-only,zshah101,https://job-boards.greenhouse.io/astranis/jobs/4699071006
2026-07-24T07:08:45Z,B,Quadrillion,Software Engineering Intern (Summer 2027),New York City,Summer 2027,unknown,zshah101,https://jobs.ashbyhq.com/quadrillion-labs/a4acc44c-31ce-41a0-ab44-2500487b4d05
2026-07-24T09:31:30Z,A,Google,Software Engineering Intern,"Mountain View, CA / Atlanta, GA / Austin, TX / Boulder, CO / Cambridge, MA / Bellevue, WA / Chicago, IL / Houston, TX / Irvine, CA / Kirkland, WA / Los Angeles, CA / Madison, WI / New York, NY / Palo Alto, CA / Portland, OR / Pittsburgh, PA / Raleigh, NC / Durham, NC / Reston, VA / Redmond, WA / Redwood City, CA / San Diego, CA / Goleta, CA / San Bruno, CA / Seattle, WA / San Francisco, CA / San Jose, CA / Santa Cruz, CA / South San Francisco, CA / Sunnyvale, CA",Summer,Other,vanshb03,https://www.google.com/about/careers/applications/jobs/results/85564713261245126-software-engineering-intern-bs-summer-2027
2026-07-24T09:31:30Z,A,Tesla,Localization Specialist Intern,"Fremont, CA",Fall,Other,vanshb03,https://www.tesla.com/careers/search/job/internship-localization-specialist-it-applications-fall-2026-276308
2026-07-24T09:31:30Z,C,Akuna Capital,Hardware Engineer Intern,"Chicago, IL",Summer,U.S. Citizenship is Required,vanshb03,https://akunacapital.com/careers/job/8018880/?gh_jid=8018880
2026-07-24T09:31:30Z,B,Hudson River Trading,Intern,"New York, NY",Summer,Other,vanshb03,https://www.hudsonrivertrading.com/hrt-job/algorithm-development-quant-research-internship-summer-2027/?gh_src=
2026-07-24T09:31:30Z,B,ShyftLabs,AI Engineer Intern,"Toronto, Canada",Fall,Other,vanshb03,https://jobs.lever.co/shyftlabs/4f389ea7-9b98-4ed0-99c2-b25ea8cc2dcd
2026-07-24T09:31:30Z,B,SPREEAI,"Software Engineer Intern, AI Infrastructure / Training / Inference","San Francisco, CA",Fall,Offers Sponsorship,vanshb03,https://ats.rippling.com/en-GB/spreeai/jobs/d34aed29-7a11-4e37-b5bc-e9317f82f0b1
2026-07-24T09:31:30Z,B,SpreeAI,Mobile Software Engineer Intern,"San Francisco, CA",Fall,Other,vanshb03,https://ats.rippling.com/en-GB/spreeai/jobs/c52472cb-2671-45d7-b666-17196dc3df25
2026-07-24T09:31:30Z,C,Moon,"Software Engineer Intern, Backend & API","Glendale, CA",Fall,Other,vanshb03,https://ats.rippling.com/en-GB/moon/jobs/8b81bca7-1a64-4377-8ea8-869aac03080b
2026-07-24T09:31:30Z,C,NeoSigma,Member of Technical Staff Intern,"San Francisco, CA",Fall,Other,vanshb03,https://ats.rippling.com/en-GB/neosigma/jobs/a2ee1d26-a551-45d2-9854-6dbf8ed2c866
2026-07-24T09:31:30Z,C,Mobius Renewables,Software Engineer Intern,"Houston, TX",Fall,Does Not Offer Sponsorship,vanshb03,https://ats.rippling.com/en-GB/greengas/jobs/b2938290-cc66-4f54-9888-bbe286c1d9b6
2026-07-24T09:31:30Z,B,Phonely,Software Engineer Intern,"San Francisco, CA",Fall,Other,vanshb03,https://jobs.ashbyhq.com/phonely/c83696cb-ca3a-4a9d-9e87-bfcf4f79fef5?embed=true
2026-07-24T09:31:30Z,B,fab2,Software Engineering Intern,"San Francisco, CA",Fall,Offers Sponsorship,vanshb03,https://jobs.ashbyhq.com/fab2/947338ca-e135-4398-9aa3-79e131bc03d5?embed=true
2026-07-24T09:31:30Z,C,Copart,Software Engineering Intern,"Dallas, TX",Summer,Offers Sponsorship,vanshb03,https://copart.wd12.myworkdayjobs.com/copart/job/Dallas-TX---Headquarters/Software-Engineering-Intern_JR110011
2026-07-24T09:31:30Z,C,Radix Trading,"Quantitative Technologist Intern, C++","Chicago, IL",Summer,Offers Sponsorship,vanshb03,https://job-boards.greenhouse.io/radixuniversity/jobs/8500265002
2026-07-24T09:31:30Z,C,Schweitzer Engineering Laboratories,Software Engineer Intern,"Boise, ID",Summer,Other,vanshb03,https://selinc.wd1.myworkdayjobs.com/SEL/job/Idaho---Boise/Software-Engineer-Intern_2026-22321
2026-07-24T09:31:30Z,B,Netic,Forward Deployed Engineer Intern,"San Francisco, CA",Winter,Other,vanshb03,https://jobs.ashbyhq.com/netic/ffd6af1a-cebb-41f5-ac1d-e695adfd067c?embed=true
2026-07-24T09:31:30Z,B,Jane Street,Quantitative Trader Intern,"New York, NY",Summer,Offers Sponsorship,vanshb03,https://www.janestreet.com/join-jane-street/position/8617344002/
2026-07-24T09:31:30Z,B,Jane Street,Quantitative Researcher Intern,"New York, NY",Summer,Offers Sponsorship,vanshb03,https://www.janestreet.com/join-jane-street/position/8498547002/
2026-07-24T09:31:30Z,B,Jane Street,Machine Learning Engineer Intern,"New York, NY",Summer,Other,vanshb03,https://www.janestreet.com/join-jane-street/position/8611307002/
2026-07-24T09:31:30Z,B,Jane Street,Machine Learning Researcher Intern,"New York, NY",Summer,Offers Sponsorship,vanshb03,https://www.janestreet.com/join-jane-street/position/8384490002/
2026-07-24T09:31:30Z,B,Jane Street,Cybersecurity Analyst Intern,"New York, NY",Summer,Offers Sponsorship,vanshb03,https://www.janestreet.com/join-jane-street/position/8632723002/
2026-07-24T09:31:30Z,B,Jane Street,Data Engineer Intern,"New York, NY",Summer,Offers Sponsorship,vanshb03,https://www.janestreet.com/join-jane-street/position/8631973002/
2026-07-24T09:31:30Z,B,Jane Street,Fundamental Research Analyst Intern,"New York, NY",Summer,Other,vanshb03,https://www.janestreet.com/join-jane-street/position/8347286002/
2026-07-24T09:31:30Z,B,Jane Street,Hardware Engineer (FPGA/ASIC) Intern,"New York, NY",Summer,Other,vanshb03,https://www.janestreet.com/join-jane-street/position/8624440002/
2026-07-24T09:31:30Z,B,Jane Street,Linux Engineer Intern,"New York, NY",Summer,Other,vanshb03,https://www.janestreet.com/join-jane-street/position/8626260002/
2026-07-24T09:31:30Z,B,Jane Street,Network Engineer Intern,"New York, NY",Summer,Offers Sponsorship,vanshb03,https://www.janestreet.com/join-jane-street/position/8620793002/
2026-07-24T09:31:30Z,B,Jane Street,Sales and Trading Intern,"New York, NY",Summer,Offers Sponsorship,vanshb03,https://www.janestreet.com/join-jane-street/position/8347385002/
2026-07-24T09:31:30Z,B,Jane Street,Tools and Compilers Research and Development Intern,"New York, NY",Summer,Offers Sponsorship,vanshb03,https://www.janestreet.com/join-jane-street/position/5869205002/
2026-07-24T09:31:30Z,B,Jane Street,Trading Desk Operations Engineer Intern,"New York, NY",Summer,Other,vanshb03,https://www.janestreet.com/join-jane-street/position/8621450002/
2026-07-24T09:31:30Z,B,Jane Street,Windows Engineer Intern,"New York, NY",Summer,Other,vanshb03,https://www.janestreet.com/join-jane-street/position/8628843002/
2026-07-24T09:31:30Z,C,Palantir Technologies,Forward Deployed Infrastructure Engineer Intern,"New York, NY",Fall,U.S. Citizenship is Required,vanshb03,https://jobs.lever.co/palantir/cf5f44ff-1b0b-4752-bcd4-2dc88798f25b
2026-07-24T09:31:30Z,B,Palantir Technologies,Forward Deployed Infrastructure Engineer Intern,"Palo Alto, CA",Fall,Offers Sponsorship,vanshb03,https://jobs.lever.co/palantir/8f362a1f-1eff-4327-94c1-ff46e2101c69
2026-07-24T09:31:30Z,B,Palantir Technologies,Forward Deployed Software Engineer Intern,"New York, NY",Fall,Other,vanshb03,https://jobs.lever.co/palantir/4d29249a-d7e8-4c39-880d-3b35d7b2f6f6
2026-07-24T09:31:30Z,C,Palantir Technologies,Software Engineer Intern,"Washington, D.C.",Summer,Other,vanshb03,https://jobs.lever.co/palantir/bdcfb29f-4f27-42de-933f-7f83a359b9f0
2026-07-24T09:31:30Z,B,Palantir Technologies,Software Engineer Intern,"New York, NY",Summer,Other,vanshb03,https://jobs.lever.co/palantir/7d69cf8a-06fd-4f05-bd84-27149db29c4d
2026-07-24T09:31:30Z,C,Palantir Technologies,Software Engineer Intern,"Denver, CO",Fall,Other,vanshb03,https://jobs.lever.co/palantir/373eb939-6f57-4836-8479-be79a5e07249
2026-07-24T09:31:30Z,B,Palantir Technologies,"Software Engineer Intern, Defense Tech","Palo Alto, CA",Fall,Offers Sponsorship,vanshb03,https://jobs.lever.co/palantir/a483f41b-0da9-42ea-8ed6-cbf6eb93cc6d
2026-07-24T09:31:30Z,B,Palantir Technologies,"Software Engineer Intern, Defense Tech","New York, NY",Fall,Offers Sponsorship,vanshb03,https://jobs.lever.co/palantir/8bcf4f33-0a79-4248-bbfd-49ac4be9dd8e
2026-07-24T09:31:30Z,B,Palantir Technologies,"Software Engineer Intern, Infrastructure","Palo Alto, CA",Fall,Other,vanshb03,https://jobs.lever.co/palantir/f221738b-e97c-4ce3-a12a-17ada2b855e4
2026-07-24T09:31:30Z,B,Palantir Technologies,"Software Engineer Intern, Production Infrastructure","New York, NY",Fall,Other,vanshb03,https://jobs.lever.co/palantir/37964982-9b4c-471e-a1d8-fb8f45d7f116
2026-07-24T09:31:30Z,B,Walleye Capital,Risk Technology Analyst Intern,"New York, NY",Summer,Other,vanshb03,https://job-boards.greenhouse.io/walleyecapital-external-students/jobs/4679224006
2026-07-24T09:31:30Z,B,Walleye Capital,Technology Intern,"New York, NY",Summer,Other,vanshb03,https://job-boards.greenhouse.io/walleyecapital-external-students/jobs/4681002006
2026-07-24T09:31:30Z,C,Walleye Capital,Equity Volatility Quant Researcher Intern,"Miami, FL",Summer,Other,vanshb03,https://job-boards.greenhouse.io/walleyecapital-external-students/jobs/4676334006
2026-07-24T09:31:30Z,C,Akuna Capital,Quantitative Development & Strategy Intern,Chicago,Summer,U.S. Citizenship is Required,vanshb03,https://akunacapital.com/careers/job/8021481/?gh_jid=8021481
2026-07-24T09:31:30Z,C,Akuna Capital,Quantitative Research Intern,Chicago,Summer,U.S. Citizenship is Required,vanshb03,https://akunacapital.com/careers/job/8036614/?gh_jid=8036614
2026-07-24T09:31:30Z,C,TransMarket Group,Quantitative Trader Intern,"Chicago, IL",Fall,Other,vanshb03,https://job-boards.greenhouse.io/transmarketgroup/jobs/5151569007
2026-07-24T09:31:30Z,C,IMC,Quantitative Research Intern (PHD),Chicago,Summer,Offers Sponsorship,vanshb03,https://www.imc.com/us/careers/jobs/4907400101
2026-07-24T09:31:30Z,C,IMC,Quantitative Research Intern,"Chicago, IL",Summer,Offers Sponsorship,vanshb03,https://www.imc.com/us/careers/jobs/4907399101
2026-07-24T09:31:30Z,C,IMC,Hardware Engineer Intern,"Chicago, IL",Summer,Offers Sponsorship,vanshb03,https://www.imc.com/us/careers/jobs/4823945101
2026-07-24T11:22:15Z,B,Anthelion Capital,Quant Developer / Quant Research Intern - 2026/2027,New York City,Summer 2027,unknown,zshah101,https://jobs.ashbyhq.com/anthelioncap/5e2ea37b-2369-474e-b717-c24c60976e96
2026-07-24T14:45:08Z,C,Grab,Intern - Software Engineer Mobile,"Petaling Jaya, Malaysia",,,speedyapply_intl,https://jobs.smartrecruiters.com/Grab/744000139433819-intern-software-engineer-mobile?oga=true
2026-07-24T14:45:08Z,C,Neura Robotics,AI Infrastructure & Robotics DevOps Intern - Mensch,"Metzingen, Germany",,,speedyapply_intl,https://jobs.ashbyhq.com/neura-robotics-gmbh/07e05805-85f8-4f94-b968-08bb1595ad20
2026-07-24T14:45:08Z,C,Neura Robotics,AI Infrastructure & Robotics DevOps Intern - human,"Metzingen, Germany",,,speedyapply_intl,https://jobs.ashbyhq.com/neura-robotics-gmbh/4bf6db79-b175-44df-9fbe-c3c94aa37694
2026-07-24T14:45:08Z,C,Wing Assistant,AI & Tech Internship Program - Software - Product - Ops - GTM,"Shanghai, China",,,speedyapply_intl,https://jobs.lever.co/getwingapp/98e9d5d7-cfe4-4646-8a1d-19589148b7b0
2026-07-24T14:45:08Z,C,Wing Assistant,AI & Tech Internship Program - Software - Product - Ops - GTM,"Shenzhen, China",,,speedyapply_intl,https://jobs.lever.co/getwingapp/7cca4ddf-6fbd-4789-bdbb-eb472eeaaf7c
2026-07-24T14:45:08Z,C,Wing Assistant,AI & Tech Internship Program - Software - Product - Ops - GTM,"Beijing, China",,,speedyapply_intl,https://jobs.lever.co/getwingapp/6280db51-b402-4c94-8b10-90875af8c0c3
2026-07-24T14:45:08Z,C,Covestro,Full-Stack Software Development Intern,"Pudong, China",,,speedyapply_intl,https://covestro.wd3.myworkdayjobs.com/en-US/cov_external/job/Pudong-Shanghai-China/Full-Stack-Software-Development-Intern_JR-2026-01407
2026-07-24T14:45:08Z,C,Formlabs,Software Engineer Intern - Full stack,"Budapest, Hungary",,,speedyapply_intl,https://careers.formlabs.com/job/8081194/apply/?gh_jid=8081194
2026-07-24T14:45:08Z,C,Harris Computer,Stagiaire en développement de logiciels / Software Development Intern,"Montréal, Canada",,,speedyapply_intl,https://harriscomputer.wd3.myworkdayjobs.com/en-US/1/job/Montreal-Quebec/Stagiaire-en-dveloppement-de-logiciels---Software-Development-Intern_R0044820-1
2026-07-24T14:45:08Z,C,Motorola Solutions,Software Engineer Co-op,"Gatineau, Canada",,,speedyapply_intl,https://motorolasolutions.wd5.myworkdayjobs.com/en-US/careers/job/Gatineau-Canada/Software-Engineer-Co-op_R66130
2026-07-24T14:45:08Z,C,Philips,Software Engineer Intern,,,,speedyapply_intl,https://philips.wd3.myworkdayjobs.com/en-US/jobs-and-careers/job/Suzhou/Software-Engineer-Intern_588645-1
2026-07-24T14:45:08Z,C,Thales,Software Engineer Intern - C#,Singapore,,,speedyapply_intl,https://thales.wd3.myworkdayjobs.com/en-US/careers/job/SINGAPORE/Software-Engineer-Intern--C--_R0324316
2026-07-24T14:45:08Z,C,Vizzia,Embeded Systems Engineer Intern,"Paris, France",,,speedyapply_intl,https://jobs.ashbyhq.com/vizzia/de29b53f-fc7f-4f39-bdcc-4afb285ff6e0
2026-07-24T14:45:08Z,C,Wing Assistant,AI & Tech Internship Program - Software - Product - Ops - GTM,China,,,speedyapply_intl,https://jobs.lever.co/getwingapp/749ebeca-a4aa-4351-9634-edddfd485f1a
2026-07-24T14:45:08Z,C,Tencent,Site Reliability Engineer Intern,,,,speedyapply_intl,https://tencent.wd1.myworkdayjobs.com/en-US/tencent_careers/job/Singapore-CapitaSky/Site-Reliability-Engineer-Intern_R107470
2026-07-24T17:49:02Z,C,Northwell Health,Data Analytics / Data Science Intern,"Lake Success, Nassau, United States",Summer 2027,unknown,zshah101,https://eppr.fa.us2.oraclecloud.com/hcmUI/CandidateExperience/en/sites/CX_2/job/192734
2026-07-24T17:49:02Z,C,Robert Bosch Venture Capital,Powertrain Controls Software Engineering Intern,"Farmington Hills, MI, United States",Summer 2027,no-sponsorship,zshah101,https://jobs.smartrecruiters.com/BoschGroup/744000139639579
2026-07-24T17:49:02Z,B,Robert Bosch Venture Capital,Autonomous Driving – Internship in Machine Learning,"Sunnyvale, CA, United States",Summer 2027,unknown,zshah101,https://jobs.smartrecruiters.com/BoschGroup/744000139649345
2026-07-24T17:49:02Z,B,Altera Corporation,AI Software Development Engineer - Intern,"San Jose, California, United States",Summer 2027,unknown,zshah101,https://altera.wd1.myworkdayjobs.com/altera/job/San-Jose-California-United-States/AI-Software-Development-Engineer---Intern_R02707
2026-07-24T17:49:02Z,C,Magna International,R&D- Computer Vision Engineering Intern,"Troy, Michigan, US",Summer 2027,unknown,zshah101,https://magna.wd3.myworkdayjobs.com/Magna/job/Troy-Michigan-US/R-D--Computer-Vision-Engineering-Intern_R00253444-1
2026-07-24T17:49:02Z,C,Sentara Health,Data & AI Finance Strategy Intern - Fall 2026 Internship Remote,"Virginia Beach, VA",Fall 2026,unknown,zshah101,https://sentara.wd1.myworkdayjobs.com/SCS/job/Virginia-Beach-VA/Data---AI-Finance-Strategy-Intern---Fall-2026-Internship-Remote_JR-103073
2026-07-24T19:12:16Z,C,Appian,Product Manager Intern,"McLean, VA",Summer,Does Not Offer Sponsorship,vanshb03,https://careers.appian.com/jobs/8041243-product-manager-intern-
2026-07-24T19:12:16Z,C,Appian,Software Engineering Intern,"McLean, VA",Summer,Does Not Offer Sponsorship,vanshb03,https://careers.appian.com/jobs/8041237-software-engineering-intern
2026-07-24T19:12:16Z,C,Core & Main,Intern - AI/ML Data Engineering  -  Onsite - St. Louis,"Saint Louis, MO 63146",Summer 2027,unknown,zshah101,https://coreandmain.wd1.myworkdayjobs.com/coreandmain/job/Saint-Louis-MO-63146/Intern---Data-Engineering----Corp_45804
